음식명,1인분칼로리(kcal),탄수화물(g),단백질(g),지방(g),콜레스트롤(g),식이섬유(g),나트륨(g),분류
가래떡(떡국용),311,68.3,5.3,1,0,0,231,반찬
가래떡(떡볶이용),96,21,1.6,0.3,0,0,71,반찬
가자미,58,0.1,9.9,1.7,44.6,0,104,반찬
가자미구이,76,0.2,11.2,3.1,50.1,0,255,반찬
가자미조림,45.4,2.4,6.6,1.2,27,0.4,183,반찬
가지,6,1.6,0.3,0,0.3,0.2,1,반찬
가지나물,19,2.9,0.8,0.9,0.4,0.4,278,반찬
간장(왜간장),8,0.7,1.2,0,0,0,879,반찬
갈비구이,586,14.3,28.1,43.7,87.4,0.3,1093,반찬
갈비찜,262.2,3.5,13.7,20,43.2,0.1,413,반찬
갈비탕,362.5,20.7,16.5,22.3,49.9,0.6,992,국
갈치,60,0,7.4,3,28.8,0,40,반찬
갈치구이,110.4,0.1,11.3,6.8,44.1,0,331,반찬
갈치조림,37,1.8,4,1.5,13.8,0.3,120,반찬
갈치찌개,48.2,1.9,5.4,2.1,19.2,0.3,538,국
감(곶감),119,33,1.1,0.1,0,1.4,3,반찬
감(단감),37,10.4,0.4,0,0,0.4,6,반찬
감자,43,9.5,1.8,0,0,0.1,2,반찬
감자국,55.1,11.4,2.8,0.1,1.5,0.2,239,반찬
감자볶음,36.2,6,1.1,1,0.1,0.1,119,반찬
감자샐러드,64,9,1.7,2.5,7.1,0.2,316,반찬
감자조림,39,6.8,1.3,0.9,0,0.1,104,반찬
감자칩,239,23.6,2.5,16.7,0,0.5,117,반찬
강낭콩,11,2,0.7,0.1,0,0.1,0,반찬
개고기,144,0.4,10.5,11.1,20,0,40,반찬
건빵,104,18.5,2.2,2.4,0.5,0.1,116,반찬
검정콩,42,3.4,3.9,2,0,0.5,0.2,반찬
겨자,13,1,0.9,0.7,0,0.2,1,반찬
경단,144,30.7,2.5,1.1,0,0.2,111,반찬
고구마,90,21.8,1,0.1,0,0.6,11,반찬
고구마맛탕,266,48.1,2.5,8,0.1,1.7,18,반찬
고구마줄기,2,0.7,0.1,0,0,0.2,1,반찬
고구마튀김,72.4,11.7,0.7,2.8,0,0.2,58,반찬
고기만두,348.1,35,19.2,14.3,24.1,0.7,881,반찬
고들빼기,14,3.2,1.2,0.2,0,0.5,4,반찬
고등어,92,0,10.1,5.2,24,0,38,반찬
고등어(자반고등어),95,0.1,14.8,3.4,25.9,0,990,반찬
고등어구이,110.4,0,10.6,7.1,25.2,0,226,반찬
고등어조림,107,3.3,11.1,5.4,24.2,0.5,284,반찬
고등어찌개,66,2.5,6.7,3.3,14.6,0.3,225,국
고등어튀김,167.3,6.4,11.5,10,34.9,0,350,반찬
고사리,8,2,1,0,0,0.6,2,반찬
고사리(말린것),68,16.3,7.7,0.2,0,2.9,5,반찬
고사리나물,25.5,2.6,1.3,1.7,0,0.7,328,반찬
고추냉이(와사비),6,1.4,0.3,0.1,0,0.1,2,반찬
고추멸치볶음,30.3,2.3,2.7,1.2,5.8,0.1,112,반찬
고추볶음,16,1,0.7,1.3,0,0.2,111,반찬
고추장,27,7.5,1,0.1,0,0.5,596,반찬
고추장아찌,6.3,1.7,0.4,0.1,0,0.5,223,반찬
고추장아찌,5,1.5,0.3,0.1,0,0.4,192,반찬
고추튀김,42,2.2,0.5,3.7,0,0.2,254,반찬
고춧가루,5,1.1,0.3,0.2,0,0.4,0,반찬
고춧잎,2,0.3,0.1,0,0,0,0,반찬
골뱅이(통조림),34,1.6,6,0.3,45.6,0,209,반찬
골뱅이무침,82,10.5,8.3,1.1,55.8,0.6,421,반찬
곰보빵(소보로빵),263,39.6,6.2,9.2,18.9,0.3,162,반찬
곰탕(가정식),119,1.8,12.3,5.6,31,0.1,833,국
곰탕(외식),198,3.1,20.5,9.3,51.7,0.2,1388,국
곱창전골,127.5,11.9,8.8,5.8,85.5,1.1,572,국
과일탄산음료,123,31.8,0,0,0,0,5,반찬
광어매운탕,115,5.9,18.1,2.8,49,1.1,139,국
국밥,343.9,66.5,11.2,2.6,16.4,0.5,876,밥
군만두,429,36.7,19,22.5,24,0.4,1068,반찬
굴,13,0.7,1.8,0.2,7.2,0,46,반찬
굴무침,23.3,1.7,1.6,1.3,5.7,0.2,156,반찬
굴비,266,0.3,35.5,12.2,0,0,330,반찬
귤,38,9.9,0.7,0.1,0,0.1,11,반찬
귤쥬스,78,20.8,0.4,0.2,0,0,26,반찬
근대,7,1.4,1,0.1,0.5,0.4,72,반찬
근대된장국,36.1,5.3,3.7,0.8,0.1,0.8,868,반찬
금귤,66,18,0.9,0.1,0,0.8,14,반찬
기장,22,4.5,0.7,0.1,0,0,0,반찬
김,2,0.9,0.7,0,0,0.1,0,반찬
김구이,3,0.9,0.9,0,0.5,0,29,반찬
김무침,74,5.7,5.2,6.2,2.3,0.4,363,반찬
김밥,306,57.4,9.2,4.2,64.5,0.7,601,밥
김치(갓김치),14,3,1.4,0.3,0,0.6,319,반찬
김치(고들빼기김치),26,4.8,1.6,1.1,0,1,892,반찬
김치(깍두기),12,2.6,0.6,0.1,0,0.2,209,반찬
김치(깻잎김치),19,3.4,1.4,0.6,0,0.7,852,반찬
김치(나박김치),9,2.5,0.8,0.1,0,0.8,1256,반찬
김치(동치미),11,3,0.7,0.1,0,0.5,609,반찬
김치(무청김치),8,0.8,0.9,0.2,0,0,0,반찬
김치(배추김치),7,1.6,0.8,0.2,0,0.5,458,반찬
김치(백김치),7,1.8,0.6,0.1,0,0.5,380,반찬
김치(부추김치),21,3.3,1.9,0.8,0,0.9,916,반찬
김치(열무김치),13,3,1.1,0.2,0,0.5,218,반찬
김치(오이김치),16,3.2,1.2,0.3,0,0.5,803,반찬
김치(오이소박이),6,1.4,0.6,0.1,0,0.5,212,반찬
김치(총각김치),15,3,0.9,0.2,0,0.2,1211,반찬
김치(파김치),16,3.5,1,0.2,0,0.5,263,반찬
김치국,21.3,2.2,2.5,0.8,1.8,0.6,705,국
김치볶음,19.1,2,1,1.3,0,0.6,478,반찬
김치볶음밥,480.8,93,9.6,6.8,5,1.2,733,밥
김치전,133.3,17.8,4.6,4.8,47.3,0.7,815,반찬
김치찌개,88.1,4,7.2,5.7,11.4,1,942,국
김튀김,208.2,25.8,7.5,11.6,2.9,0.6,172,반찬
깨(검정깨),11,0.3,0.4,1,0,0.1,0,반찬
깨(흰깨),12,0.4,0.4,1.1,0,0.1,0,반찬
깨소금,12,0.3,0.4,1.1,0,0.1,0,반찬
깻잎,5,1.2,0.6,0.1,0,0.3,0,반찬
깻잎장아찌,6,0.6,0.3,0,0,0.1,0,반찬
꼬막,20,0.3,3.5,0.5,13.4,0,0,반찬
꼬막찜,34,2,3.9,1.1,6.3,0.2,73,반찬
꽁치,74,0,8.8,3.9,31.1,0,36,반찬
꽁치구이,98,0.1,10,6,35.3,0,378,반찬
꽁치조림,60,1.8,6.6,2.8,21.6,0.3,137,반찬
꽃게,33,0.9,6.2,0.4,36,0,137,반찬
꽃게장,32,2.4,4.8,0.3,25.2,0.1,344,반찬
꽃게탕,98,7.1,14.4,1.5,70.6,0.6,874,국
꿀,59,15.9,0,0,0,0,1,반찬
낙지,33,0.1,6.9,0.4,52.8,0,136,반찬
낙지볶음,90,10.8,6.9,3,42.8,0.8,807,반찬
냉이,9,1.6,1.4,0.2,0,0.5,5,반찬
냉이된장국,43,5.1,4.6,1.1,2.9,0.8,891,국
넙치(광어),52,0.2,10.2,0.9,35.5,0,80,반찬
녹두,151,27.9,10,0.7,0,2.1,1,반찬
녹두묵,11,0,0,0,0,0,5,반찬
녹두빈대떡,198.4,21.8,9,8.8,7.9,1,591,반찬
녹차,2,0.3,0,0,0,0,8,반찬
녹차음료,2,0.4,0,0,0,0,9,반찬
누룽지,109.7,24.3,1.8,0.1,0,0.1,2,밥
느타리버섯,6,1.5,0.7,0,0,0.2,1,반찬
느타리버섯볶음,24,2.7,0.9,1.4,0.1,0.3,217,반찬
늙은호박,16,4.5,0.5,0.1,0,0.5,1,반찬
다랑어(냉동),34,0,7.4,0.3,15,0,12,반찬
다랑어(통조림),59,0,3.6,4.7,7.6,0,87,반찬
다시마,3,1.5,0.4,0.1,0,0.2,194,반찬
다시마(말린것),1,0.5,0.1,0,0,0,31,반찬
다시마튀각,68,7.2,1.2,4.1,0,0.6,360,반찬
단무지,2,0.7,0.1,0,0,0.2,224,반찬
단팥빵,249,44.6,6.5,5.2,3.4,0.8,143,반찬
달걀,55,1.1,4.7,3.3,188,0,61,반찬
달걀국,73,3.5,6.1,3.7,199,0.1,532,국
달걀말이,74.2,2,4.9,5,191.5,0.1,305,반찬
달걀부침(달걀후라이),73.3,1.3,5.3,5,210.7,0,121,반찬
달걀찜,50.3,1.2,4.3,3,168.6,0,305,반찬
달래,3,0.6,0.3,0,0,0.1,1,반찬
달래된장찌개,30,2.9,2.7,1.2,0,0.3,448,국
달래무침,32,3,1.1,2.2,0,0.5,61,반찬
닭개장,141.1,5.9,13.1,7.8,92.6,1.1,573,국
닭고기,171,0.9,18.1,10.1,71.3,0,63,반찬
닭고기(가슴),198,0.6,17.9,12.9,74.1,0,55,반찬
"닭고기(가슴,껍질제거)",97,1.1,22.1,0.4,71.3,0,39,반찬
닭고기(날개),210,0.8,16.6,14.4,110.2,0,65,반찬
닭고기(다리),120,0.8,17.3,4.1,78.9,0,109,반찬
"닭고기(다리,껍질제거)",114,0.9,19.1,3.6,89.3,0,82,반찬
닭도리탕,201,12.2,17.1,9.7,74.2,0.7,544,반찬
닭볶음(닭갈비),322.7,20.7,23.4,16.8,102.9,1,913,반찬
닭양념튀김,335.2,21.4,20.2,19,136.4,0.8,339,반찬
닭죽,526.3,67.2,45.4,7.7,131.4,0.9,363,밥
닭찜,254.3,15.4,22.3,11.7,95.6,0.6,500,반찬
닭튀김,328.4,7.4,24.9,21.3,163.8,0,662,반찬
당근,3,0.7,0.1,0,0,0.1,2,반찬
당면,70,17.2,0,0,0,0,1,반찬
대구,72,0.2,15.8,0.5,60.3,0,107,반찬
대구매운탕,119,9.1,18.2,2.3,53.6,1.5,485,국
대두,57,4.7,5.3,2.7,0,0.7,0,반찬
대추(건과),12,2.9,0.2,0.1,0,0.1,0,반찬
더덕,11,2.5,0.8,0.1,0,0.3,1,반찬
더덕무침,31,6.1,1.4,0.7,0,0.6,198,반찬
도라지,29,7.2,0.7,0.1,0,0.5,7,반찬
도라지나물,62,8.8,1,3.1,0,0.6,175,반찬
도라지생채,41,9.5,1.2,0.6,0,0.7,264,반찬
도우넛(링),309,30.5,5.5,19.5,82.5,0.2,270,반찬
도우넛(팥),439,50.3,7.3,16.8,121,0.9,207,반찬
도토리묵,30,7.1,0.1,0.1,0,0.1,39,반찬
도토리묵무침,52,8.6,1.1,1.7,0,0.3,405,반찬
돈까스,287.5,15.5,13.8,18.5,88.5,0.1,453,반찬
돌나물,4,0.8,0.5,0.1,0,0.2,5,반찬
돔(옥돔),55,0.1,8.9,1.9,38,0,40,반찬
동부,9,1.7,0.7,0,0,0.1,0,반찬
동태국,60.5,3.8,9.8,1,28.7,0.6,674,국
동태조림,80,2.3,15,1,51.3,0.4,515,반찬
동태찌개,71.1,4.5,11,1.4,31.3,0.6,437,국
돼지갈비구이,375,16.4,28,21.5,79,0.1,872,반찬
돼지갈비찜,324.4,9.4,26,20,87,0.3,745,반찬
돼지고기,157,0.7,11.6,11.4,0,0,11,반찬
돼지고기(갈비),270,1.3,24.1,18.1,89.7,0,79,반찬
돼지고기(삼겹살),513,1.2,26.7,44,99.2,0,68,반찬
돼지고기가공품(등심햄),20,0.5,2.5,0.6,6.3,0,162,반찬
돼지고기가공품(런천미트),39,0.4,2.3,2.8,9.3,0,124,반찬
돼지고기가공품(베이컨),17,0.4,1.6,0.9,7.1,0,133,반찬
돼지고기가공품(비엔나소시지),105,1,4.8,8.5,17.5,0,293,반찬
돼지고기가공품(프랑크프르트소시지),97,0.8,5,7.7,17.5,0,230,반찬
돼지고기구이,427.3,1.8,28.4,32.4,89.6,0,1065,반찬
돼지고기덮밥,660.3,99.8,22.7,17.2,46.3,0.9,831,밥
돼지고기볶음,260,10.1,15.4,17.6,44.2,0.6,562,반찬
돼지고기장조림,91,2.6,6.4,5.8,19.3,0.1,233,반찬
돼지고기찌개,136.2,5.1,10,8.7,24.6,0.6,686,국
돼지불고기,256,11.7,13.9,17.2,40.4,0.6,379,반찬
된장,24,2.7,2,0.7,0,0.3,898,반찬
된장,13,1.5,1.1,0.4,0,0.1,499,반찬
된장(가루된장),33,2.3,4,0.8,0,0.4,0,반찬
된장국,60,5.6,5.6,2.2,2.3,0.4,688,반찬
된장찌개,60.2,6.1,5.4,2.2,1.8,0.6,637,국
두릅,13,2.2,2.2,0.2,1.5,0.8,3,반찬
두릅무침,54,8.1,3.2,2.5,0,1.2,987,반찬
두부,50,0.8,5.6,3.4,0,0.1,3,반찬
두부김치,156,5.4,12.1,11,7.1,0.9,371,반찬
두부부침,50.1,0.6,4.1,3.9,0,0.1,111,반찬
두부조림,89.4,3.3,8.2,5.9,0,0.5,355,반찬
두부찌개,88,5.6,8.5,4.7,0.7,0.4,285,국
두유음료,144,9.6,9,7.4,0,0,277,반찬
들기름,35,0,0,4,0,0,0,반찬
들깨,8,0.8,0.3,0.7,0,0.6,0,반찬
들미나리,5,1.1,0.7,0.1,0,0.4,5,반찬
딸기,26,6.7,0.6,0.2,0,0.4,10,반찬
딸기잼,49,12.6,0.1,0,0,0.1,1,반찬
땅콩,74,2.8,3.3,6.3,0,0.4,0,반찬
땅콩버터,30,1.6,0.6,2.6,0,0.1,23,반찬
떡국,399,79.3,11.2,3.4,70.3,0.1,1109,국
떡만두국,470,73.3,15.6,12.3,50.7,0.4,1067,국
떡볶이,170,34.1,4.7,1.9,5.6,0.4,457,반찬
라면,521,81.6,13.2,19.8,75.9,0.7,1339,밥
롤빵,142,21.9,4.5,4.1,0.5,0,221,반찬
롤케익,219,28.9,4.5,9.9,0,0.1,69,반찬
마가린,36,0,0,4.1,0.1,0,22,반찬
마늘,13,3,0.5,0,0,0.1,0,반찬
마늘장아찌,5.5,1.2,0.4,0,0,0.1,8,반찬
마늘쫑무침,14,2.4,0.5,0.6,0,0.3,75,반찬
마늘쫑볶음,31,4,0.8,1.8,0,0.7,59,반찬
마늘쫑장아찌,5.5,1.4,0.3,0,0,0.2,1,반찬
마요네즈,74,0.9,0.1,7.5,21.2,0,46,반찬
마파두부,59,3.4,4,3.7,2.5,0.3,360,반찬
막걸리,184,7.2,6.4,0,0,0,24,반찬
만두국,473,42.4,24.9,22.8,149.8,0.7,2190,국
맛술(미림),7,1.8,0,0,0,0,2,반찬
맥주,131,9.9,1.1,0,0,0,18,반찬
머위,9,1.9,1.2,0.1,0,0.4,6,반찬
머위나물,29,3,1.6,1.8,0,0.7,136,반찬
멍게,21,2,1.8,0.5,16.7,0,0,반찬
메기,86,0.1,11.3,4,48,0,35,반찬
메기매운탕,103,4.6,11.9,4.5,37.6,0.7,726,국
메밀국수(건면),447,86.7,18.2,3,0,0,1105,밥
메추라기알,70,0.9,5,4.8,188,0,62,반찬
메추라기알장조림,88,4.4,5.9,4.9,207.3,0,613,반찬
"멸치(자건품, 중)",12,0.2,1.9,0.3,5.7,0,43,반찬
멸치볶음,47,2.1,4.2,2.3,9.5,0,146,반찬
명란알,28,0.3,5.6,0.4,85,0,41,반찬
명란젓,18,0.4,3.1,0.5,52.5,0,530,반찬
명태(동태),37,0.1,8,0.3,29,0,105,반찬
명태(북어),58,0,12.3,0.6,59.4,0,99,반찬
모듬회,185,6.4,32.4,3,109.1,0.4,740,반찬
모밀국수,472,92.4,20.6,3.2,2.6,0.7,1462,밥
모시조개젓,5,0.2,0.9,0.1,4.4,0,0,반찬
목이버섯(말린것),5,1.4,0.2,0,0,0.2,1,반찬
무,28,6.8,1.2,0.1,0,0.5,9,반찬
무국,61.4,10.8,4.3,0.9,5,0.8,418,국
무나물,53,6.5,1.3,3,0,0.5,226,반찬
무된장국,56,10.3,3.6,0.7,1.8,0.8,674,국
무말랭이,11,2.6,0.4,0.1,0,0.3,5,반찬
무말랭이무침,23.3,4.3,0.8,0.7,0,0.5,93,반찬
무말랭이장아찌,19,3.5,0.7,0.6,0,0.4,228,반찬
무생채,55,9.1,1.6,2.1,0,0.8,277,반찬
무장아찌(무초절임),13.2,1.7,0.3,0.9,0,0.2,198,반찬
무짠지,3,0.8,0.1,0,0,0.2,256,반찬
무청,11,2.7,1.2,0.1,0,0.6,22,반찬
문어,7,0,1.6,0.1,9,0,21,반찬
물냉면,583,89,33.1,10.3,198.5,2.2,4067,밥
물엿,59,15.1,0,0,0,0,0,반찬
미꾸라지,58,0.1,9.7,1.7,106.2,0,51,반찬
미나리나물,18.5,1.9,0.7,1.3,0,0.4,114,반찬
미나리무침,21,2.7,0.7,1.2,0,0.4,175,반찬
미더덕,8,0.4,1,0.2,3.2,0,43,반찬
미숫가루,85,14.9,3.1,1.1,0,0.3,6,반찬
미역(말린것),6,2.2,1.2,0.2,0,0.1,366,반찬
미역(생것),3,1.5,0.6,0.1,0,0.2,0,반찬
미역국,20.4,2.4,2.1,1.2,1.8,0.1,780,국
미역줄기볶음,12,1.5,0.6,0.9,0,0.2,271,반찬
미역초무침,23.1,4.4,0.8,1,0,0.3,256,반찬
밀가루(중력분),170,33.3,5.2,0.5,0,0.1,9,반찬
바나나,108,28.5,1.6,0.3,0,0.3,3,반찬
바지락조개(모시조개),24,1,4,0.3,8.8,0,130,반찬
밤,16,3.7,0.3,0.1,0,0.1,0,반찬
배,59,16.4,0.5,0.2,0,0.9,5,반찬
배추,6,1.7,0.5,0,0,0.4,18,반찬
배추겉절이,33.4,3.5,1.1,2.3,0,0.7,502,반찬
배추나물,13,1.6,0.6,0.8,0,0.3,171,반찬
백미,289,64,5,0.3,0,0.2,6,밥
백미죽,194.6,43,3.2,0.2,0,0.2,4,밥
백설기,222,49.3,3.3,0.8,0,0.1,222,반찬
백합,19,0.9,2.9,0.3,11,0,0,반찬
뱅어포,36,0.1,6,1.1,83.4,0,68,반찬
버섯볶음,26.1,2.5,0.9,1.8,0.1,0.3,164,반찬
버터,37,0,0,4.2,10,0,36,반찬
보리,34,7.7,0.9,0.1,0,0.1,0,반찬
보리밥,380.6,84.2,6.8,0.5,0,0.3,7,밥
보신탕,154,7.5,11,10,19.8,1.4,671,국
보쌈,202,12.4,28.4,5.3,74.6,1.8,1878,반찬
복매운탕,93,6.3,15.9,1.5,43.2,1.4,644,국
복숭아(통조림),88,24,0.3,0.1,0,0.5,8,반찬
복어,80,0.1,16.9,0.9,56.7,0,137,반찬
복지리,123,6.2,22.1,1.9,64.6,0.7,411,반찬
볶음밥,461.5,71.6,12,12.7,129.7,0.5,587,밥
볼락,46,0,8,1.3,33.8,0,34,반찬
부대찌개,171.3,13.3,9.1,9.8,16.9,0.9,778,국
부추,6,1.2,0.9,0.2,0,0.3,2,반찬
부추무침,24.3,3.3,1.7,1.1,0,0.7,390,반찬
부추전,158,21.8,4.6,5.3,24.8,0.4,317,반찬
부추전(가정식),263,36.4,7.7,8.9,41.4,0.6,528,반찬
부추전(외식),44,6.1,1.3,1.5,6.9,0.1,88,반찬
북어국,112.4,2.8,16.3,3.8,119.9,0.2,861,국
북어조림,77,3,13.9,0.7,44.5,0,341,반찬
북어찜,120,5.8,18.7,2.4,57.7,0.4,572,반찬
분말조미료(쇠고기),2,0.3,0.1,0,0,0,262,반찬
불고기,197.5,6.9,17.4,10.9,53,0.2,700,반찬
불고기(가정식),132,4.6,11.6,7.3,35.3,0.2,466,반찬
불고기(외식),230.4,8.1,20.3,12.8,61.8,0.3,816,반찬
붉은고추,1,0.2,0.1,0,0,0.1,0,반찬
브로콜리,8,1.5,1.5,0.1,0,0.4,3,반찬
비름,12,2,1.3,0.3,0,0.3,2,반찬
비름나물,29,2.9,1.7,1.8,0,0.4,153,반찬
비빔국수,599,117.2,17,5.8,62,1.5,2933,밥
비빔냉면,552,96.1,25.6,7.7,117.3,0.9,1354,밥
비빔밥,588.9,95.1,20.5,14.1,214.7,1.8,883,밥
비스킷(소프트),131,15.7,1.4,6.9,5.5,0,55,반찬
비스킷(하드),86,15.6,1.5,2,4.4,0,64,반찬
빵가루,28,5.8,1.1,0.3,0,0,43,반찬
사과,69,18.2,0.3,0.6,0,0.8,11,반찬
사우전드아일랜드드레싱,72,1.7,0.1,7.3,39,0.1,114,반찬
사이다,100,25.3,0,0,0,0,13,반찬
사탕,24,5.9,0,0,0,0,2,반찬
삼겹살구이,610.4,1.5,31.7,52.4,118,0,843,반찬
삼계탕(닭백숙),395,32,30.4,15.4,134.5,0.6,857,국
삼치,55,0,7.6,2.4,28.8,0,23,반찬
삼치구이,77,0,8.6,4.4,32.6,0,282,반찬
삼치조림,72.5,4.3,8.5,2.6,27.7,0.6,391,반찬
상추,2,0.4,0.3,0.1,0,0.2,2,반찬
상추겉절이,34,2.8,1.3,2.5,0,0.6,490,반찬
새우(중하),33,0,7,0.3,45.5,0,95,반찬
"새우(중하,자건품)",15,0.1,2.7,0.3,19.1,0,0,반찬
새우볶음,9.1,0.4,1.4,0.2,9.8,0,39,반찬
새우젓,2,0.1,0.4,0,6.9,0,325,반찬
새우젓무침,2.4,0.1,0.4,0.1,3.1,0,311,반찬
샌드위치,358,35,12.8,18.4,191.2,0.3,439,밥
생강,1,0.1,0,0,0,0,0,반찬
생선가스,116,6.2,9.7,5.7,68.3,0,301,반찬
생선전,66.1,3.2,5.2,3.4,52.8,0,229,반찬
생선초밥,454.2,74.8,25.4,4.2,119.7,0.4,341,밥
샤베트,102,23,0.7,0.8,4.8,0,10,반찬
선짓국,70,4,9.9,1.9,28,0.6,617,국
설렁탕,171.1,18.9,13,4.8,37.5,0.4,1653,국
설탕(백설탕),46,12,0,0,0,0,0,반찬
설탕(황설탕),46,11.9,0,0,0,0,1,반찬
셀러리,2,0.5,0.2,0,0,0.1,14,반찬
소금,0,0,0,0,0,0,336,반찬
소라,19,0.5,3.6,0.2,21.2,0,92,반찬
소면(건면),490,104.4,11.7,0.3,0,0.3,1945,반찬
소주,63,0,0,0,0,0,0,반찬
소주,282,0,0,0,0,0,0,반찬
송편(깨),95,20.5,1.6,0.6,0,0.1,97,반찬
"쇠고기,수입우(갈비)",263,0.9,18.5,19.5,55,0,41,반찬
"쇠고기,수입우(등심)",101,0.4,7.9,7.2,27,0,20,반찬
"쇠고기,수입우(사태)",42,0.3,6.2,1.6,18.6,0,18,반찬
"쇠고기,수입우(양지)",53,0.4,7.4,2.3,18.6,0,17,반찬
"쇠고기,수입우(우둔)",34,0.3,5.5,1.1,13.8,0,11,반찬
"쇠고기,한우",48,0.2,4.8,2.8,0,0,65,반찬
"쇠고기,한우(등심)",86,0.5,9,5.1,28.8,0,199,반찬
"쇠고기,한우(사태)",46,0.3,7.1,1.6,17.2,0,26,반찬
"쇠고기,한우(양지)",58,0.4,7.5,2.8,17.9,0,126,반찬
쇠고기국,66,3.2,7.7,2.7,20.2,0.4,546,국
쇠고기미역국,63,3.7,7.3,3.4,16.3,0.2,1056,국
쇠고기부산물(간),39,0.4,5.7,1.4,73.8,0,20,반찬
쇠고기부산물(곱창),56,0.2,3.6,4.5,69.6,0,18,반찬
쇠고기부산물(선지),20,1,4,0,13.6,0,239,반찬
쇠고기산적,104,9.1,6.5,4.6,31.6,0.3,242,반찬
쇠고기전골,104,6.1,8.7,5.5,23.3,0.8,367,국
수박,31,6.9,1,0.5,0,0.3,1,반찬
수수,25,5.2,0.7,0.2,0,0,0,반찬
수수밥,465.8,103.5,8.6,1,0,0.8,9,밥
수육(쇠고기),127.1,3.2,18.8,4.2,60.4,0.1,66,반찬
수제비,453.2,14.3,2.8,0.2,94.4,0,0,밥
숙주나물,4,0.6,0.8,0,0,0.1,1,반찬
숙주나물,15.1,1.1,1.1,1,0,0.2,260,반찬
순대,64.1,1.1,0.8,3.1,0,0.6,848,반찬
순대국,127,11.3,6.7,5.1,44.3,0.9,272,국
순두부,40,0.9,4,2.7,0,0.1,5,반찬
순두부찌개,80.3,4.3,7.7,4.3,75.5,0.6,374,국
스낵과자(밀가루),145,20.6,2.2,5.9,0,0.1,213,반찬
스낵과자(옥수수),237,29.4,2.3,12.2,0,0,212,반찬
스파게티,514.4,85.9,16.5,9.9,11.3,0.5,419,밥
스파게티(건면),309,63.4,9.5,0.2,0,0.2,16,밥
스프,152.2,22.2,3.4,6.2,14.2,1,61,국
시금치,14,2.7,1.4,0.2,0,0.4,24,반찬
시금치나물,26,3.1,1.7,1.3,0,0.4,154,반찬
시금치된장국,35.1,5.1,3.4,0.8,1.4,0.6,621,국
시래기된장국,38,5.4,3.7,0.8,1.9,0.8,784,국
시리얼(콘푸레이크),93,21.7,1.7,0.2,0,0.6,248,반찬
식빵,156,28.1,4.6,2.9,8.3,0.2,36,반찬
식초,1,0.2,0,0,0,0,0,반찬
식혜,89,26.6,0.5,0,0,0,10,반찬
쌀과자,183,31.3,1.3,6.4,0,1.6,90,반찬
쌀밥,405,89.5,6.6,0.4,0,0.3,8,밥
쌈장,35,5.3,1.8,0.8,0,0.3,592,반찬
쌍화차(분말),74,17.5,0.5,0.2,0,0,27,반찬
쑥,31,9,2.4,0,0,2.1,5,반찬
쑥갓,1,0.2,0.2,0,0,0.1,2,반찬
쑥된장국,52.5,11.7,4.5,0.5,1.7,2.5,513,국
씀바귀,12,2.8,0.9,0.1,0,0.4,11,반찬
씀바귀나물,43,6.1,1.6,2.2,0,0.6,376,반찬
아구찜,89,5.6,12.5,2.5,39.3,1.1,350,반찬
아귀,48,0.2,10.1,0.4,38.5,0,91,반찬
아몬드,48,1.6,1.5,4.3,0,0,0,반찬
아스파라거스,0,0.1,0.1,0,0,0,0,반찬
아욱,10,1.3,1.8,0.3,0,0.5,18,반찬
아욱된장국,39.2,4.2,5.2,1,9.7,0.8,663,국
아이스크림,216,27.8,4.7,9.6,38.4,0,132,반찬
"아이스크림(소프트,바닐라)",178,17.8,3.3,10.4,37.6,0,49,반찬
아이스크림바(초콜렛),173,22.6,3,8.8,37.6,0,61,반찬
아이스크림콘(바닐라),167,22,2.7,7.7,24.4,0,84,반찬
약과,255,43,2.3,8,42.6,0.5,20,반찬
양념꽃게장,39.2,3.9,5.3,0.5,23.7,0.5,709,반찬
양배추,6,1.6,0.2,0,0,0.2,2,반찬
양배추샐러드,56,2.9,0.3,4.8,13.6,0.2,52,반찬
양상추,3,0.8,0.3,0,0,0.2,2,반찬
양송이버섯,2,0.5,0.4,0,0,0.1,1,반찬
양주(위스키),71,0,0,0,0,0,1,반찬
양파,3,0.8,0.1,0,0.1,0,0,반찬
어묵,35,4.4,3,0.6,4.1,0,187,반찬
어묵국,53,7,4.6,0.9,10.5,0.2,368,국
어묵볶음,88.7,10.1,5.5,3.1,12.3,0.1,526,반찬
어패류액젓(멸치액젓),1,0,0.2,0,4,0,171,반찬
어패류액젓(어란젓),12,0.2,1.5,0.5,17.5,0,0,반찬
어패류액젓(창란젓),12,0.8,1.3,0.3,16.5,0,1,반찬
연근,17,4.1,0.5,0,0,0.2,9,반찬
연근조림,24,5.2,0.8,0.3,0,0.4,182,반찬
연두부,45,0.9,5.7,2.6,0,0.1,6,반찬
연두부찌개,88.2,2.8,9.5,5,77.8,0.2,128,국
연어(훈제),34,0.1,4.6,1.5,9,0,159,반찬
열무,6,1.3,1.1,0,0,0.4,16,반찬
엿,127,31.4,0.7,0,0,0,3,반찬
오곡밥,334.1,72.5,7,0.8,0,0.7,222,밥
오렌지,86,22.4,1.8,0.2,0,0.6,2,반찬
오렌지주스,84,21,1.4,0.4,0,0,4,반찬
오리고기,525,1.7,26.4,45.5,132,0,140,반찬
오리고기로스,508.1,2,25.5,43.9,127.3,0.1,834,반찬
오므라이스,519.4,90.8,14.6,9.7,206.8,0.9,858,반찬
오이,4,0.9,0.3,0,0,0.2,2,반찬
오이생채,7.1,1.2,0.3,0.3,0,0.2,258,반찬
오이생채(가정식),6.5,1.1,0.2,0.3,0,0.2,235,반찬
오이생채(단체급식),12,1.9,0.4,0.6,0,0.4,423,반찬
오이지,1,0.3,0.1,0,0,0.1,217,반찬
오이지무침,7.1,1.2,0.3,0.3,0,0.2,258,반찬
오이피클,33.7,9.3,0.2,0.1,0,0.2,244,반찬
오징어,33,0,6.8,0.5,102.9,0,63,반찬
오징어(말린것),53,0,10.2,1,127,0,147,반찬
오징어국,62,3.7,10.2,0.8,141.7,0.6,494,국
오징어덮밥,455.6,84.2,23.7,1.9,249.3,1.4,736,밥
오징어무침,40,2.8,6.1,0.6,85.8,0.3,319,반찬
오징어볶음,95,6.8,10.6,3.2,147.8,0.5,338,반찬
오징어젓무침,15.4,0.4,2.8,0.2,29.3,0,777,반찬
오징어찌개,38,1.8,6.6,0.5,93.9,0.2,216,국
오징어채무침,98.3,5.7,13.5,2.5,176.4,0.2,416,반찬
오징어채볶음,108,5.3,14.2,3.2,189.6,0.1,485,반찬
오징어튀김,46,2.3,4.5,1.9,63.5,0,39,반찬
오징어포조림,31,2,4.4,0.6,58.2,0,137,반찬
옥수수기름,35,0,0,4,0,0,0,반찬
옥수수통조림,10,2.2,0.3,0.1,0,0.1,29,반찬
옥수수튀밥,90,19.1,2.9,1,0,0.8,1,밥
올리브,4,1,0.1,0.1,0,0.2,2,반찬
올리브유,37,0,0,4,0,0,0,반찬
완두콩,8,1.5,0.6,0,0,0.2,0,반찬
완자전,84,2.5,4.6,6.1,35.1,0.1,125,반찬
요구르트(액상),98,22.4,2.3,0.2,0,0,93,반찬
"요구르트(호상, 딸기)",109,17.7,3.5,3,12.1,0.1,58,반찬
요구르트음료,55,12.5,1.3,0.1,0,0,52,반찬
우거지국,30,3,3.1,0.9,5,0.5,542,국
우동,370,56.6,20.2,5.9,148.9,0.4,2321,반찬
우동국수(생면),177,36.8,4.4,0.5,0,0.2,192,밥
우스터소스,4,0.9,0,0,0,0,84,반찬
우엉,10,2.3,0.5,0,0,0.2,1,반찬
우엉조림,44,8.6,1.4,1,0,0.7,246,반찬
우유,120,9.4,6.4,6.4,22,0,110,반찬
유부,48,4,4.6,2.2,0,0.5,1,반찬
유부초밥,463.4,81.3,16.5,8.2,0,1.6,444,밥
유자차(분말),25,6.3,0,0,0,0.1,0,반찬
육개장,86,6.2,8.6,3.8,45.9,1.1,621,반찬
율무차(분말),60,11.5,1.1,1.1,0,0.1,59,반찬
은행,9,1.9,0.3,0.1,0,0,0,반찬
이온스포츠음료,63,15.8,0,0,0,0,100,반찬
인삼차(과립),28,6.8,0.1,0,0,0,2,반찬
인절미,109,22.4,2.5,0.9,0,0.2,174,반찬
임연수구이,102,0,10.3,6.3,35,0,197,반찬
임연수어,83,0,9.9,4.4,33.5,0,55,반찬
자장면,794,113.9,22.2,26,17.6,0.8,1131,밥
자장소스,33,4.4,2.4,0.8,0,0.2,581,반찬
잔멸치볶음,16,0.8,1.5,0.7,3.8,0,56,반찬
잔치국수,638,118.7,22.5,6.6,135.6,1.6,3489,밥
잡채,189.4,28.5,4.4,7,8.8,0.5,489,반찬
잡채밥,447.4,75.4,9.5,11,13.5,0.5,469,밥
잣,20,0.3,0.4,2,0,0,0,반찬
장어(갯장어),156,0.1,15.7,9.5,60,0,52,반찬
장어양념구이,220,12.8,16.5,11.5,58.9,0.6,537,반찬
장조림,45,2.4,6.1,1.2,17.1,0,388,반찬
"재첩(재치조개,갱조개)",33,2,4.4,0.7,26.6,0,137,반찬
적포도주,84,5.8,0.2,0,0,0,7,반찬
전복,9,0.5,1.5,0.1,13.5,0,0,반찬
전복죽,184.6,32,5.1,3.4,25.9,0.1,276,밥
전분,17,4.1,0,0,0,0,0,반찬
절편,110,21.9,2.2,0.4,0,0.1,93,반찬
제육(돼지고기),124,2.7,21.7,2.8,59.5,0.1,47,반찬
조개국,28,1.5,4.5,0.3,9.6,0,292,국
조기,42,0,8.2,0.8,39.2,0,70,반찬
조기구이,112,0,18.3,3.8,64.9,0,368,반찬
조기매운탕,80.1,5.4,12.6,1.4,40.1,0.9,690,국
조기찜,73,0.8,13.6,1.4,47.6,0.1,143,반찬
조기튀김,73.4,3,7.1,3.4,30,0,215,반찬
조미분,2,0.3,0.2,0,0,0,0,반찬
조미소,2,0.2,0.5,0,0,0,159,반찬
족발,165,0.3,15.5,11.6,60.8,0,76,반찬
주꾸미,23,0.2,4.9,0.2,135.5,0,0,반찬
죽순,3,0.5,0.7,0.1,0,0.3,2,반찬
중국국수(생면),393,78,12,1.7,0,0,574,밥
쥐치(말린것),50,5.1,6.3,0.3,14.1,0,226,반찬
짬뽕,555,83.7,21.2,14.4,91.4,1.3,1592,밥
쫄면,580.3,95.6,15.4,4.4,101.7,1.3,897,반찬
차조,23,4.6,0.6,0.3,0,0.1,0,반찬
차조밥,383.9,84.2,6.6,0.7,0,0.4,7,밥
찰밥,387.9,85.3,7.1,0.4,0,0.5,5,밥
찰옥수수,126,26.5,4.4,1.1,0,0.5,1,반찬
참기름,35,0,0,4,0,0,0,반찬
참나물,42.1,5.5,2.6,2.2,0,1.1,569,반찬
참나물,13,3,1.4,0.2,0,0.7,2,반찬
참외,25,10.5,3.1,0.6,0,7.6,14,반찬
참치찌개,83,1.6,5.2,6.1,9.7,0.3,397,국
찹쌀,56,12.3,1.1,0.1,0,0.1,0,반찬
찹쌀떡,165,35.3,3.4,1,0,0.4,113,반찬
청국장,31,0.5,3.5,1.5,0,0.5,1082,반찬
청국장찌개,79,2.5,8.5,4.2,2.4,0.9,1457,국
청주,48,1.9,0.3,0,0,0,1,반찬
청주,193,7.6,1.1,0,0,0,4,반찬
청포묵무침,33.4,0.6,1.2,1.9,15.4,0.1,212,반찬
초고추장,30,8.2,0.8,0,0,0.2,564,반찬
초코바,248,32,4.5,11.6,4.5,0,161,반찬
초코파이,153,22.3,1.5,6.6,14.7,0,73,반찬
초콜릿,98,13,2,9.2,16,0,23,반찬
추어탕,94.1,6.4,12,3,104.6,1.3,764,반찬
취나물,14,3.2,1.5,0.2,0,0.8,7,반찬
취나물,30,3.4,1.6,1.8,0,0.7,106,반찬
취나물(말린것),23,5.4,2.2,0.2,0,1.1,0,반찬
치즈,64,0.3,5.3,4.6,16,0,62,반찬
"치즈,가공치즈",62,1.1,3.7,4.8,16,0,227,반찬
"치즈,모짜렐라",32,1.9,2.6,1.5,2.1,0,98,반찬
치커리,1,0.3,0.2,0,0,0.1,0,반찬
카라멜,41,8,0.2,1.1,0.9,0,10,반찬
카레(분말),32,4.7,0.8,1.2,0,0.1,376,반찬
카레라이스,433.8,75,12.2,8.8,15.3,0.8,1180,반찬
카스테라,162,27.6,3.4,4.3,129,0.1,53,반찬
칼국수,425,94.5,13.4,2.6,4.3,0.6,3344,밥
칼국수(반건),226,51.8,5.8,1.3,0,0.2,1591,밥
캔커피,20,8.8,1.1,0.7,0,0,92,반찬
커피(분말크림),29,3.6,0.5,1.4,0,0,13,반찬
커피(설탕),19,4.4,0.4,0,0,0,1,반찬
"커피(설탕,분말크림)",40,6.6,0.5,1.4,0,0,13,반찬
"커피(원두,블랙)",6,1.1,0.3,0,0,0,2,반찬
커피믹스,54,9.2,0.6,1.8,0,0,16,반찬
커피분말,7,1.4,0.4,0,0,0,1,반찬
커피프림,33,3.4,0.2,2.1,0,0,18,반찬
케이크(생크림),317,41.9,3.8,15.7,6.5,0.4,122,반찬
케이크(초코릿),437,40.2,4.7,30.4,31.6,0.2,129,반찬
케이크(파운드),343,39.7,4.8,19.4,53.4,0.3,134,반찬
콜라,100,25,0,0,0,0,0,반찬
콩국수,738,111.3,40.6,16.3,0,4.5,2775,밥
콩기름,35,0,0,4,0,0,0,반찬
콩나물,25,2.2,2.2,1.6,0,0.6,203,반찬
콩나물,12,1.4,2,0.5,0,0.4,2,반찬
콩나물국,18.2,2.3,2.6,0.6,1,0.6,319,반찬
콩나물밥,549.3,105.2,18,6.2,11.6,1.9,504,밥
콩밥,383.3,80,8.8,2,0,0.7,7,밥
콩비지,15,2.9,0.9,0.4,0,0.9,12,반찬
콩비지찌개,69,9,4.9,3,7.6,2.5,584,국
콩조림(콩자반),38,3.8,3,1.7,0,0.4,87,반찬
쿠키,140,20.7,1.8,5.6,21.3,0,105,반찬
크래커,175,20.6,2.5,9.7,0,0.1,222,반찬
크래커(샌드),172,20.6,3.1,8.5,0,0,307,반찬
크로켓,237,23.8,4.8,14.6,136,0.3,277,반찬
크림빵,288,47.8,6.3,8.1,70.4,0.2,168,밥
키위,24,6.5,0.4,0.2,0,0.6,1,반찬
탕수육,230,19.9,8.9,11.5,66.2,0.4,276,반찬
토란,26,5.9,1.1,0.1,0,0.4,1,반찬
토란대(말린것),45,13.1,1.5,0.2,0,2.1,2,반찬
토마토,14,3.3,0.9,0.1,0,0.4,5,반찬
토마토주스,27,6.5,1.7,0.2,0,0.8,132,반찬
토마토케첩,6,1.6,0.1,0,0,0,49,반찬
토마토페이스트,16,3.9,0.7,0,0,0,38,반찬
톳,6,2.5,1,0.2,0,0.5,205,반찬
톳나물,32,7.7,1.6,0.9,0,0.7,928,반찬
파,3,0.7,0.2,0,0,0.1,0,반찬
파래,3,1.2,1,0,0,0.1,339,반찬
파래무침,43,4.3,1.6,3,0,0.4,721,반찬
파무침,50,3,1.5,4.2,0,0.7,114,반찬
파인애플,10,2.8,0.2,0,0,0.2,2,반찬
파전,109.2,14.3,3.2,4.1,35.2,0.3,197,반찬
팝콘,50,5.8,0.8,3.1,0,0.2,78,반찬
팥,34,6.8,1.9,0,0,0.5,0,반찬
팥밥,344.9,75.5,7.1,0.4,0,0.7,7,밥
팥시루떡,195,41.4,5.4,0.8,0,0.8,200,반찬
팥죽,247.5,52.1,8.8,0.3,0,1.5,329,죽
팽이버섯,3,0.6,0.3,0,0,0.1,1,반찬
포도,39,10.6,0.4,0.1,0,0.1,4,반찬
"포도,건포도",11,3,0.1,0,0,0,0,반찬
포도주스,110,29,0.6,0.4,0,0,2,반찬
표고버섯,3,0.6,0.2,0,0,0.1,1,반찬
표고버섯(말린것),8,1.9,0.5,0.1,0,0.2,1,반찬
풋고추,2,0.5,0.1,0.1,0,0,1,반찬
풋고추조림,11,0.8,0.5,0.1,3,0,112,반찬
풋마늘,4,0.9,0.4,0.1,0,0.1,1,반찬
피망,1,0.3,0,0,0,0.1,0,반찬
피자,390,43.6,17.5,17.3,31.5,0.4,577,반찬
함박스테이크,103.3,5.3,6.6,6.2,43.2,0.1,230,반찬
핫도그,124,9.2,5.3,7.4,22,0,342,반찬
해물탕,86.3,6,13.9,1.4,50.5,0.7,473,반찬
해삼,5,0.3,0.7,0.1,0,0,260,반찬
해파리,7,0.5,1,0.1,47.8,0,1200,반찬
햄버거,344,38.1,17,14.7,42,0.5,747,밥
현미,42,9.3,0.9,0.3,0,0.3,9,밥
현미밥,389.3,86,7.1,1.1,0,1.3,34,밥
호두,98,0.4,2.3,10,0,0.4,1,반찬
호박(애호박),8,2.1,0.5,0,0,0.1,0,반찬
호박나물,32,3.6,0.9,2,0.1,0.3,182,반찬
호박전,76,6.2,2.9,4.5,70.6,0.2,214,반찬
호박죽,243.6,51.4,8.6,0.2,0,1.5,308,밥
호빵,229,46.4,6.6,0.8,3.6,0.4,200,반찬
홍어,26,0,5.9,0.2,26.4,0,67,반찬
홍어회무침,44.4,4.3,5.7,0.8,23.1,0.4,283,반찬
홍차,72,17.5,0.2,0,0,0,5,반찬
홍차,3,0.3,0.3,0.2,0,0,3,반찬
홍차음료,64,16.6,0,0,0,0,4,반찬
홍합,14,0.8,1.9,0.2,9.8,0,52,반찬
홍합미역국,28,2.8,1.8,2.2,0.8,0.2,824,국
회덮밥,696.5,121.9,39.8,5.5,51.2,2.5,892,밥
효모,0,0,0,0,0,0,0,반찬
후렌치후라이,367,47.2,4.4,19.7,0,4,223,반찬
후르츠샐러드(칵테일),29,7.7,0.1,0.2,0,0.2,1,반찬
후추,3,0.7,0.1,0,0,0.1,0,반찬
흑미밥,387.2,85,6.7,0.7,0,0.4,7,밥
